<edmx:Edmx xmlns:edmx="http://docs.oasis-open.org/odata/ns/edmx" Version="4.0">
	<edmx:Reference Uri="https://oasis-tcs.github.io/odata-vocabularies/vocabularies/Org.OData.Aggregation.V1.xml">
		<edmx:Include Alias="Aggregation" Namespace="Org.OData.Aggregation.V1"/>
	</edmx:Reference>
	<edmx:Reference Uri="https://oasis-tcs.github.io/odata-vocabularies/vocabularies/Org.OData.Authorization.V1.xml">
		<edmx:Include Alias="Auth" Namespace="Org.OData.Authorization.V1"/>
	</edmx:Reference>
	<edmx:Reference Uri="https://oasis-tcs.github.io/odata-vocabularies/vocabularies/Org.OData.Capabilities.V1.xml">
		<edmx:Include Alias="Capabilities" Namespace="Org.OData.Capabilities.V1"/>
	</edmx:Reference>
	<edmx:Reference Uri="https://wiki.scn.sap.com/wiki/download/attachments/448470974/Common.xml?api=v2">
		<edmx:Include Alias="Common" Namespace="com.sap.vocabularies.Common.v1"/>
	</edmx:Reference>
	<edmx:Reference Uri="https://wiki.scn.sap.com/wiki/download/attachments/448470971/Communication.xml?api=v2">
		<edmx:Include Alias="Communication" Namespace="com.sap.vocabularies.Communication.v1"/>
	</edmx:Reference>
	<edmx:Reference Uri="https://oasis-tcs.github.io/odata-vocabularies/vocabularies/Org.OData.Core.V1.xml">
		<edmx:Include Alias="Core" Namespace="Org.OData.Core.V1"/>
	</edmx:Reference>
	<edmx:Reference Uri="https://oasis-tcs.github.io/odata-vocabularies/vocabularies/Org.OData.Measures.V1.xml">
		<edmx:Include Alias="Measures" Namespace="Org.OData.Measures.V1"/>
	</edmx:Reference>
	<edmx:Reference Uri="https://wiki.scn.sap.com/wiki/download/attachments/448470968/UI.xml?api=v2">
		<edmx:Include Alias="UI" Namespace="com.sap.vocabularies.UI.v1"/>
	</edmx:Reference>
	<edmx:Reference Uri="https://oasis-tcs.github.io/odata-vocabularies/vocabularies/Org.OData.Validation.V1.xml">
		<edmx:Include Alias="Validation" Namespace="Org.OData.Validation.V1"/>
	</edmx:Reference>
	<edmx:Reference Uri="/sap/opu/odata/ASUT/O2C_COMMERCIAL_PRODUCT_SRV/$metadata">
    <edmx:Include Alias="Metadata" Namespace="ASUT_O2C_COMMERCIAL_PRODUCT_SRV"/>
  </edmx:Reference>
	<edmx:DataServices>
		<Schema xmlns="http://docs.oasis-open.org/odata/ns/edm">

			<Annotations Target="Metadata.ChemicalSetVH">
				<Annotation Term="UI.LineItem">
					<Collection>
						<Record Type="UI.DataField">
							<PropertyValue Property="Value" Path="ChemiSetCode"/>
						</Record>
						<Record Type="UI.DataField">
							<PropertyValue Property="Value" Path="DateStart"/>
						</Record>
						<Record Type="UI.DataField">
							<PropertyValue Property="Value" Path="DateFinish"/>
						</Record>
					</Collection>
				</Annotation>
				<Annotation Term="UI.SelectionFields">
					<Collection>
						<PropertyPath>ChemiSetCode</PropertyPath>
					</Collection>
				</Annotation>
			</Annotations>
			<Annotations Target="Metadata.ChemicalSetVH/ChemiSetCode">
				<Annotation Term="com.sap.vocabularies.Common.v1.ValueList">
					<Record>
						<PropertyValue Property="Label" String="ChemicalSetVHSet"/>
						<PropertyValue Property="CollectionPath" String="ChemicalSetVHSet"/>
						<PropertyValue Property="SearchSupported" Bool="true"/>
						<PropertyValue Property="Parameters">
							<Collection>
								<Record Type="com.sap.vocabularies.Common.v1.ValueListParameterOut">
									<PropertyValue Property="LocalDataProperty" PropertyPath="ChemiSetCode"/>
									<PropertyValue Property="ValueListProperty" String="ChemiSetCode"/>
								</Record>
								<Record Type="com.sap.vocabularies.Common.v1.ValueListParameterDisplayOnly">
									<PropertyValue Property="ValueListProperty" String="ChemiSetCode"/>
								</Record>
							</Collection>
						</PropertyValue>
					</Record>
				</Annotation>
			</Annotations>

			<Annotations Target="Metadata.NonStdTypeVH">
				<Annotation Term="UI.LineItem">
					<Collection>
						<Record Type="UI.DataField">
							<PropertyValue Property="Value" Path="NonStdId"/>
						</Record>
						<Record Type="UI.DataField">
							<PropertyValue Property="Value" Path="NonStdName"/>
						</Record>
					</Collection>
				</Annotation>
			</Annotations>

			<Annotations Target="Metadata.CommercProductVH">
				<Annotation Term="UI.LineItem">
					<Collection>
						<Record Type="UI.DataField">
							<PropertyValue Property="Value" Path="ProductStdName"/>
						</Record>
						<Record Type="UI.DataField">
							<PropertyValue Property="Value" Path="ProductStdCode"/>
						</Record>
						<Record Type="UI.DataField">
							<PropertyValue Property="Value" Path="CodeCp"/>
						</Record>
					</Collection>
				</Annotation>
			</Annotations>
			<Annotations Target="Metadata.CommercProductVH/CodeCp">
				<Annotation Term="com.sap.vocabularies.Common.v1.ValueList">
					<Record>
						<PropertyValue Property="Label" String="CommercProductVHSet"/>
						<PropertyValue Property="CollectionPath" String="CommercProductVHSet"/>
						<PropertyValue Property="SearchSupported" Bool="true"/>
						<PropertyValue Property="Parameters">
							<Collection>
								<Record Type="com.sap.vocabularies.Common.v1.ValueListParameterOut">
									<PropertyValue Property="LocalDataProperty" PropertyPath="CodeCp"/>
									<PropertyValue Property="ValueListProperty" String="CodeCp"/>
								</Record>
								<Record Type="com.sap.vocabularies.Common.v1.ValueListParameterDisplayOnly">
									<PropertyValue Property="ValueListProperty" String="CodeCp"/>
								</Record>
							</Collection>
						</PropertyValue>
					</Record>
				</Annotation>
			</Annotations>

			<Annotations Target="Metadata.TechValueStdVH">
				<Annotation Term="UI.LineItem">
					<Collection>
						<Record Type="UI.DataField">
							<PropertyValue Property="Value" Path="TechValue"/>
						</Record>
						<Record Type="UI.DataField">
							<PropertyValue Property="Value" Path="TechValueShortName"/>
						</Record>
						<Record Type="UI.DataField">
							<PropertyValue Property="Value" Path="TechValueName"/>
						</Record>
						<Record Type="UI.DataField">
							<PropertyValue Property="Value" Path="GsName"/>
						</Record>
						<Record Type="UI.DataField">
							<PropertyValue Property="Value" Path="GsNameInterpr"/>
						</Record>
					</Collection>
				</Annotation>
				<Annotation Term="UI.SelectionFields">
					<Collection>
						<PropertyPath>TechValue</PropertyPath>
						<PropertyPath>TechValueShortName</PropertyPath>
						<PropertyPath>TechValueName</PropertyPath>
						<PropertyPath>GsName</PropertyPath>
						<PropertyPath>GsNameInterpr</PropertyPath>
					</Collection>
				</Annotation>
			</Annotations>
			<Annotations Target="Metadata.TechValueStdVH/RowKey">
				<Annotation Term="com.sap.vocabularies.Common.v1.ValueList">
					<Record>
						<PropertyValue Property="Label" String="TechValueStdVHSet"/>
						<PropertyValue Property="CollectionPath" String="TechValueStdVHSet"/>
						<PropertyValue Property="SearchSupported" Bool="true"/>
						<PropertyValue Property="Parameters">
							<Collection>
								<Record Type="com.sap.vocabularies.Common.v1.ValueListParameterOut">
									<PropertyValue Property="LocalDataProperty" PropertyPath="RowKey"/>
									<PropertyValue Property="ValueListProperty" String="RowKey"/>
								</Record>
								<Record Type="com.sap.vocabularies.Common.v1.ValueListParameterDisplayOnly">
									<PropertyValue Property="ValueListProperty" String="RowKey"/>
								</Record>
							</Collection>
						</PropertyValue>
					</Record>
				</Annotation>
			</Annotations>

			<Annotations Target="Metadata.SteelMarkVH">
				<Annotation Term="UI.LineItem">
					<Collection>
						<Record Type="UI.DataField">
							<PropertyValue Property="Value" Path="SteelMark"/>
						</Record>
						<Record Type="UI.DataField">
							<PropertyValue Property="Value" Path="SteelMarkName"/>
						</Record>
					</Collection>
				</Annotation>
			</Annotations>
			<Annotations Target="Metadata.SteelMarkVH/SteelMark">
				<Annotation Term="com.sap.vocabularies.Common.v1.ValueList">
					<Record>
						<PropertyValue Property="Label" String="SteelMarkVHSet"/>
						<PropertyValue Property="CollectionPath" String="SteelMarkVHSet"/>
						<PropertyValue Property="SearchSupported" Bool="true"/>
						<PropertyValue Property="Parameters">
							<Collection>
								<Record Type="com.sap.vocabularies.Common.v1.ValueListParameterOut">
									<PropertyValue Property="LocalDataProperty" PropertyPath="SteelMarkName"/>
									<PropertyValue Property="ValueListProperty" String="SteelMark"/>
								</Record>
								<Record Type="com.sap.vocabularies.Common.v1.ValueListParameterDisplayOnly">
									<PropertyValue Property="ValueListProperty" String="SteelMarkName"/>
								</Record>
							</Collection>
						</PropertyValue>
					</Record>
				</Annotation>
			</Annotations>

			<Annotations Target="Metadata.StandardProdVH">
				<Annotation Term="UI.LineItem">
					<Collection>
						<Record Type="UI.DataField">
							<PropertyValue Property="Value" Path="Assimilate"/>
						</Record>
						<Record Type="UI.DataField">
							<PropertyValue Property="Value" Path="SumGroupYear"/>
						</Record>
						<Record Type="UI.DataField">
							<PropertyValue Property="Value" Path="StdName"/>
						</Record>
						<Record Type="UI.DataField">
							<PropertyValue Property="Value" Path="StdCode"/>
						</Record>
					</Collection>
				</Annotation>
				<Annotation Term="UI.SelectionFields">
					<Collection>
						<PropertyPath>Assimilate</PropertyPath>
						<PropertyPath>SumGroupYear</PropertyPath>
						<PropertyPath>StdName</PropertyPath>
						<PropertyPath>StdCode</PropertyPath>
					</Collection>
				</Annotation>
			</Annotations>
			<Annotations Target="Metadata.SteelMarkVH/StdCode">
				<Annotation Term="com.sap.vocabularies.Common.v1.ValueList">
					<Record>
						<PropertyValue Property="Label" String="StandardProdVHSet"/>
						<PropertyValue Property="CollectionPath" String="StandardProdVHSet"/>
						<PropertyValue Property="SearchSupported" Bool="true"/>
						<PropertyValue Property="Parameters">
							<Collection>
								<Record Type="com.sap.vocabularies.Common.v1.ValueListParameterOut">
									<PropertyValue Property="LocalDataProperty" PropertyPath="SumGroupYear"/>
									<PropertyValue Property="ValueListProperty" String="StdCode"/>
								</Record>
								<Record Type="com.sap.vocabularies.Common.v1.ValueListParameterDisplayOnly">
									<PropertyValue Property="ValueListProperty" String="SumGroupYear"/>
								</Record>
							</Collection>
						</PropertyValue>
					</Record>
				</Annotation>
			</Annotations>

			<Annotations Target="Metadata.StandardTolVH">
				<Annotation Term="UI.LineItem">
					<Collection>
						<Record Type="UI.DataField">
							<PropertyValue Property="Value" Path="Assimilate"/>
						</Record>
						<Record Type="UI.DataField">
							<PropertyValue Property="Value" Path="SumGroupYear"/>
						</Record>
						<Record Type="UI.DataField">
							<PropertyValue Property="Value" Path="StdName"/>
						</Record>
						<Record Type="UI.DataField">
							<PropertyValue Property="Value" Path="StdCode"/>
						</Record>
					</Collection>
				</Annotation>
				<Annotation Term="UI.SelectionFields">
					<Collection>
						<PropertyPath>Assimilate</PropertyPath>
						<PropertyPath>SumGroupYear</PropertyPath>
						<PropertyPath>StdName</PropertyPath>
						<PropertyPath>StdCode</PropertyPath>
					</Collection>
				</Annotation>
			</Annotations>
			<Annotations Target="Metadata.StandardTolVH/StdCode">
				<Annotation Term="com.sap.vocabularies.Common.v1.ValueList">
					<Record>
						<PropertyValue Property="Label" String="StandardTolVHSet"/>
						<PropertyValue Property="CollectionPath" String="StandardTolVHSet"/>
						<PropertyValue Property="SearchSupported" Bool="true"/>
						<PropertyValue Property="Parameters">
							<Collection>
								<Record Type="com.sap.vocabularies.Common.v1.ValueListParameterOut">
									<PropertyValue Property="LocalDataProperty" PropertyPath="SumGroupYear"/>
									<PropertyValue Property="ValueListProperty" String="StdCode"/>
								</Record>
								<Record Type="com.sap.vocabularies.Common.v1.ValueListParameterDisplayOnly">
									<PropertyValue Property="ValueListProperty" String="SumGroupYear"/>
								</Record>
							</Collection>
						</PropertyValue>
					</Record>
				</Annotation>
			</Annotations>

			<Annotations Target="Metadata.StandardMarkVH">
				<Annotation Term="UI.LineItem">
					<Collection>
						<Record Type="UI.DataField">
							<PropertyValue Property="Value" Path="Assimilate"/>
						</Record>
						<Record Type="UI.DataField">
							<PropertyValue Property="Value" Path="SumGroupYear"/>
						</Record>
						<Record Type="UI.DataField">
							<PropertyValue Property="Value" Path="StdName"/>
						</Record>
						<Record Type="UI.DataField">
							<PropertyValue Property="Value" Path="StdCode"/>
						</Record>
					</Collection>
				</Annotation>
				<Annotation Term="UI.SelectionFields">
					<Collection>
						<PropertyPath>Assimilate</PropertyPath>
						<PropertyPath>SumGroupYear</PropertyPath>
						<PropertyPath>StdName</PropertyPath>
						<PropertyPath>StdCode</PropertyPath>
					</Collection>
				</Annotation>
			</Annotations>
			<Annotations Target="Metadata.StandardMarkVH/StdCode">
				<Annotation Term="com.sap.vocabularies.Common.v1.ValueList">
					<Record>
						<PropertyValue Property="Label" String="StandardMarkVHSet"/>
						<PropertyValue Property="CollectionPath" String="StandardMarkVHSet"/>
						<PropertyValue Property="SearchSupported" Bool="true"/>
						<PropertyValue Property="Parameters">
							<Collection>
								<Record Type="com.sap.vocabularies.Common.v1.ValueListParameterOut">
									<PropertyValue Property="LocalDataProperty" PropertyPath="SumGroupYear"/>
									<PropertyValue Property="ValueListProperty" String="StdCode"/>
								</Record>
								<Record Type="com.sap.vocabularies.Common.v1.ValueListParameterDisplayOnly">
									<PropertyValue Property="ValueListProperty" String="SumGroupYear"/>
								</Record>
							</Collection>
						</PropertyValue>
					</Record>
				</Annotation>
			</Annotations>

			<Annotations Target="Metadata.ChangeDocAttrVH">
				<Annotation Term="UI.LineItem">
					<Collection>
						<Record Type="UI.DataField">
							<PropertyValue Property="Value" Path="FieldText"/>
						</Record>
						<Record Type="UI.DataField">
							<PropertyValue Property="Value" Path="CpViewName"/>
						</Record>
					</Collection>
				</Annotation>
				<Annotation Term="UI.SelectionFields">
					<Collection>
						<PropertyPath>FieldKey</PropertyPath>
					</Collection>
				</Annotation>
			</Annotations>
			<Annotations Target="Metadata.ChangeDocAttrVH/FieldKey">
				<Annotation Term="com.sap.vocabularies.Common.v1.ValueList">
					<Record>
						<PropertyValue Property="Label" String="ChangeDocAttrVHSet"/>
						<PropertyValue Property="CollectionPath" String="ChangeDocAttrVHSet"/>
						<PropertyValue Property="SearchSupported" Bool="false"/>
						<PropertyValue Property="Parameters">
							<Collection>
								<Record Type="com.sap.vocabularies.Common.v1.ValueListParameterOut">
									<PropertyValue Property="LocalDataProperty" PropertyPath="FieldText"/>
									<PropertyValue Property="ValueListProperty" String="FieldKey"/>
								</Record>
								<Record Type="com.sap.vocabularies.Common.v1.ValueListParameterDisplayOnly">
									<PropertyValue Property="ValueListProperty" String="FieldText"/>
								</Record>
							</Collection>
						</PropertyValue>
					</Record>
				</Annotation>
			</Annotations>

			<Annotations Target="Metadata.NewProdCodeVH">
				<Annotation Term="UI.LineItem">
					<Collection>
						<Record Type="UI.DataField">
							<PropertyValue Property="Value" Path="NewProdCodeName"/>
						</Record>
						<Record Type="UI.DataField">
							<PropertyValue Property="Value" Path="NewProdCode"/>
						</Record>
					</Collection>
				</Annotation>
			</Annotations>
			<Annotations Target="Metadata.NewProdCodeVH/NewProdCode">
				<Annotation Term="com.sap.vocabularies.Common.v1.ValueList">
					<Record>
						<PropertyValue Property="Label" String="NewProdCodeVHSet"/>
						<PropertyValue Property="CollectionPath" String="NewProdCodeVHSet"/>
						<PropertyValue Property="SearchSupported" Bool="false"/>
						<PropertyValue Property="Parameters">
							<Collection>
								<Record Type="com.sap.vocabularies.Common.v1.ValueListParameterOut">
									<PropertyValue Property="LocalDataProperty" PropertyPath="NewProdCodeName"/>
									<PropertyValue Property="ValueListProperty" String="NewProdCode"/>
								</Record>
								<Record Type="com.sap.vocabularies.Common.v1.ValueListParameterDisplayOnly">
									<PropertyValue Property="ValueListProperty" String="NewProdCodeName"/>
								</Record>
							</Collection>
						</PropertyValue>
					</Record>
				</Annotation>
			</Annotations>

			<Annotations Target="Metadata.MechTypeVH">
				<Annotation Term="UI.LineItem">
					<Collection>
						<Record Type="UI.DataField">
							<PropertyValue Property="Value" Path="MechType"/>
						</Record>
						<Record Type="UI.DataField">
							<PropertyValue Property="Value" Path="MechTypeShortName"/>
						</Record>
						<Record Type="UI.DataField">
							<PropertyValue Property="Value" Path="MechTypeName"/>
						</Record>
					</Collection>
				</Annotation>
				<Annotation Term="UI.SelectionFields">
					<Collection>
						<PropertyPath>MechType</PropertyPath>
					</Collection>
				</Annotation>
			</Annotations>
			<Annotations Target="Metadata.MechTypeVH/MechType">
				<Annotation Term="com.sap.vocabularies.Common.v1.ValueList">
					<Record>
						<PropertyValue Property="Label" String="MechTypeVHSet"/>
						<PropertyValue Property="CollectionPath" String="MechTypeVHSet"/>
						<PropertyValue Property="SearchSupported" Bool="false"/>
						<PropertyValue Property="Parameters">
							<Collection>
								<Record Type="com.sap.vocabularies.Common.v1.ValueListParameterOut">
									<PropertyValue Property="LocalDataProperty" PropertyPath="MechTypeName"/>
									<PropertyValue Property="ValueListProperty" String="MechType"/>
								</Record>
								<Record Type="com.sap.vocabularies.Common.v1.ValueListParameterDisplayOnly">
									<PropertyValue Property="ValueListProperty" String="MechTypeName"/>
								</Record>
							</Collection>
						</PropertyValue>
					</Record>
				</Annotation>
			</Annotations>

			<Annotations Target="Metadata.SampleTypeVH">
				<Annotation Term="UI.LineItem">
					<Collection>
						<Record Type="UI.DataField">
							<PropertyValue Property="Value" Path="SampleType"/>
						</Record>
						<Record Type="UI.DataField">
							<PropertyValue Property="Value" Path="SampleTypeName"/>
						</Record>
					</Collection>
				</Annotation>
				<Annotation Term="UI.SelectionFields">
					<Collection>
						<PropertyPath>SampleType</PropertyPath>
					</Collection>
				</Annotation>
			</Annotations>
			<Annotations Target="Metadata.SampleTypeVH/SampleType">
				<Annotation Term="com.sap.vocabularies.Common.v1.ValueList">
					<Record>
						<PropertyValue Property="Label" String="SampleTypeVHSet"/>
						<PropertyValue Property="CollectionPath" String="SampleTypeVHSet"/>
						<PropertyValue Property="SearchSupported" Bool="false"/>
						<PropertyValue Property="Parameters">
							<Collection>
								<Record Type="com.sap.vocabularies.Common.v1.ValueListParameterOut">
									<PropertyValue Property="LocalDataProperty" PropertyPath="SampleTypeName"/>
									<PropertyValue Property="ValueListProperty" String="SampleType"/>
								</Record>
								<Record Type="com.sap.vocabularies.Common.v1.ValueListParameterDisplayOnly">
									<PropertyValue Property="ValueListProperty" String="SampleTypeName"/>
								</Record>
							</Collection>
						</PropertyValue>
					</Record>
				</Annotation>
			</Annotations>

			<Annotations Target="Metadata.TestTempVH">
				<Annotation Term="UI.LineItem">
					<Collection>
						<Record Type="UI.DataField">
							<PropertyValue Property="Value" Path="TestTemperature"/>
						</Record>
						<Record Type="UI.DataField">
							<PropertyValue Property="Value" Path="TestTemperatureName"/>
						</Record>
					</Collection>
				</Annotation>
				<Annotation Term="UI.SelectionFields">
					<Collection>
						<PropertyPath>TestTemperature</PropertyPath>
					</Collection>
				</Annotation>
			</Annotations>
			<Annotations Target="Metadata.TestTempVH/TestTemperature">
				<Annotation Term="com.sap.vocabularies.Common.v1.ValueList">
					<Record>
						<PropertyValue Property="Label" String="TestTempVHSet"/>
						<PropertyValue Property="CollectionPath" String="TestTempVHSet"/>
						<PropertyValue Property="SearchSupported" Bool="false"/>
						<PropertyValue Property="Parameters">
							<Collection>
								<Record Type="com.sap.vocabularies.Common.v1.ValueListParameterOut">
									<PropertyValue Property="LocalDataProperty" PropertyPath="TestTemperatureName"/>
									<PropertyValue Property="ValueListProperty" String="TestTemperature"/>
								</Record>
								<Record Type="com.sap.vocabularies.Common.v1.ValueListParameterDisplayOnly">
									<PropertyValue Property="ValueListProperty" String="TestTemperatureName"/>
								</Record>
							</Collection>
						</PropertyValue>
					</Record>
				</Annotation>
			</Annotations>

			<Annotations Target="Metadata.TestDirectVH">
				<Annotation Term="UI.LineItem">
					<Collection>
						<Record Type="UI.DataField">
							<PropertyValue Property="Value" Path="TestDirect"/>
						</Record>
						<Record Type="UI.DataField">
							<PropertyValue Property="Value" Path="TestDirectName"/>
						</Record>
					</Collection>
				</Annotation>
				<Annotation Term="UI.SelectionFields">
					<Collection>
						<PropertyPath>TestDirect</PropertyPath>
					</Collection>
				</Annotation>
			</Annotations>
			<Annotations Target="Metadata.TestDirectVH/TestDirect">
				<Annotation Term="com.sap.vocabularies.Common.v1.ValueList">
					<Record>
						<PropertyValue Property="Label" String="TestDirectVHSet"/>
						<PropertyValue Property="CollectionPath" String="TestDirectVHSet"/>
						<PropertyValue Property="SearchSupported" Bool="false"/>
						<PropertyValue Property="Parameters">
							<Collection>
								<Record Type="com.sap.vocabularies.Common.v1.ValueListParameterOut">
									<PropertyValue Property="LocalDataProperty" PropertyPath="TestDirectName"/>
									<PropertyValue Property="ValueListProperty" String="TestDirect"/>
								</Record>
								<Record Type="com.sap.vocabularies.Common.v1.ValueListParameterDisplayOnly">
									<PropertyValue Property="ValueListProperty" String="TestDirectName"/>
								</Record>
							</Collection>
						</PropertyValue>
					</Record>
				</Annotation>
			</Annotations>

			<Annotations Target="Metadata.TechCharGroupVH">
				<Annotation Term="UI.LineItem">
					<Collection>
						<Record Type="UI.DataField">
							<PropertyValue Property="Value" Path="TechGroup"/>
						</Record>
						<Record Type="UI.DataField">
							<PropertyValue Property="Value" Path="TechGroupName"/>
						</Record>
					</Collection>
				</Annotation>
				<Annotation Term="UI.SelectionFields">
					<Collection>
						<PropertyPath>TechGroup</PropertyPath>
						<PropertyPath>TechGroupName</PropertyPath>
					</Collection>
				</Annotation>
			</Annotations>
			<Annotations Target="Metadata.TechCharGroupVH/TechGroup">
				<Annotation Term="com.sap.vocabularies.Common.v1.ValueList">
					<Record>
						<PropertyValue Property="Label" String="TechCharGroupVHSet"/>
						<PropertyValue Property="CollectionPath" String="TechCharGroupVHSet"/>
						<PropertyValue Property="SearchSupported" Bool="false"/>
						<PropertyValue Property="Parameters">
							<Collection>
								<Record Type="com.sap.vocabularies.Common.v1.ValueListParameterOut">
									<PropertyValue Property="LocalDataProperty" PropertyPath="TechGroupName"/>
									<PropertyValue Property="ValueListProperty" String="TechGroup"/>
								</Record>
								<Record Type="com.sap.vocabularies.Common.v1.ValueListParameterDisplayOnly">
									<PropertyValue Property="ValueListProperty" String="TechGroupName"/>
								</Record>
							</Collection>
						</PropertyValue>
					</Record>
				</Annotation>
			</Annotations>

			<Annotations Target="Metadata.TechCharactVH">
				<Annotation Term="UI.LineItem">
					<Collection>
						<Record Type="UI.DataField">
							<PropertyValue Property="Value" Path="TechCharact"/>
						</Record>
						<Record Type="UI.DataField">
							<PropertyValue Property="Value" Path="TechCharactName"/>
						</Record>
					</Collection>
				</Annotation>
				<Annotation Term="UI.SelectionFields">
					<Collection>
						<PropertyPath>TechCharact</PropertyPath>
						<PropertyPath>TechCharactName</PropertyPath>
					</Collection>
				</Annotation>
			</Annotations>
			<Annotations Target="Metadata.TechCharactVH/TechCharact">
				<Annotation Term="com.sap.vocabularies.Common.v1.ValueList">
					<Record>
						<PropertyValue Property="Label" String="TechCharactVHSet"/>
						<PropertyValue Property="CollectionPath" String="TechCharactVHSet"/>
						<PropertyValue Property="SearchSupported" Bool="false"/>
						<PropertyValue Property="Parameters">
							<Collection>
								<Record Type="com.sap.vocabularies.Common.v1.ValueListParameterOut">
									<PropertyValue Property="LocalDataProperty" PropertyPath="TechCharactName"/>
									<PropertyValue Property="ValueListProperty" String="TechCharact"/>
								</Record>
								<Record Type="com.sap.vocabularies.Common.v1.ValueListParameterDisplayOnly">
									<PropertyValue Property="ValueListProperty" String="TechCharactName"/>
								</Record>
							</Collection>
						</PropertyValue>
					</Record>
				</Annotation>
			</Annotations>

			<Annotations Target="Metadata.TechComplexVH">
				<Annotation Term="UI.LineItem">
					<Collection>
						<Record Type="UI.DataField">
							<PropertyValue Property="Value" Path="TechComplex"/>
						</Record>
						<Record Type="UI.DataField">
							<PropertyValue Property="Value" Path="TechComplexName"/>
						</Record>
					</Collection>
				</Annotation>
				<Annotation Term="UI.SelectionFields">
					<Collection>
						<PropertyPath>TechComplex</PropertyPath>
					</Collection>
				</Annotation>
			</Annotations>
			<Annotations Target="Metadata.TechCharactVH/TechComplex">
				<Annotation Term="com.sap.vocabularies.Common.v1.ValueList">
					<Record>
						<PropertyValue Property="Label" String="TechComplexVHSet"/>
						<PropertyValue Property="CollectionPath" String="TechComplexVHSet"/>
						<PropertyValue Property="SearchSupported" Bool="false"/>
						<PropertyValue Property="Parameters">
							<Collection>
								<Record Type="com.sap.vocabularies.Common.v1.ValueListParameterOut">
									<PropertyValue Property="LocalDataProperty" PropertyPath="TechComplexName"/>
									<PropertyValue Property="ValueListProperty" String="TechComplex"/>
								</Record>
								<Record Type="com.sap.vocabularies.Common.v1.ValueListParameterDisplayOnly">
									<PropertyValue Property="ValueListProperty" String="TechComplexName"/>
								</Record>
							</Collection>
						</PropertyValue>
					</Record>
				</Annotation>
			</Annotations>

			<Annotations Target="Metadata.ProdMassVH">
				<Annotation Term="UI.LineItem">
					<Collection>
						<Record Type="UI.DataField">
							<PropertyValue Property="Value" Path="ProdMass"/>
						</Record>
						<Record Type="UI.DataField">
							<PropertyValue Property="Value" Path="ProdMassName"/>
						</Record>
					</Collection>
				</Annotation>
				<Annotation Term="UI.SelectionFields">
					<Collection>
						<PropertyPath>ProdMass</PropertyPath>
					</Collection>
				</Annotation>
			</Annotations>
			<Annotations Target="Metadata.ProdMassVH/ProdMass">
				<Annotation Term="com.sap.vocabularies.Common.v1.ValueList">
					<Record>
						<PropertyValue Property="Label" String="ProdMassVHSet"/>
						<PropertyValue Property="CollectionPath" String="ProdMassVHSet"/>
						<PropertyValue Property="SearchSupported" Bool="false"/>
						<PropertyValue Property="Parameters">
							<Collection>
								<Record Type="com.sap.vocabularies.Common.v1.ValueListParameterOut">
									<PropertyValue Property="LocalDataProperty" PropertyPath="ProdMassName"/>
									<PropertyValue Property="ValueListProperty" String="ProdMass"/>
								</Record>
								<Record Type="com.sap.vocabularies.Common.v1.ValueListParameterDisplayOnly">
									<PropertyValue Property="ValueListProperty" String="ProdMassName"/>
								</Record>
							</Collection>
						</PropertyValue>
					</Record>
				</Annotation>
			</Annotations>


			<Annotations Target="Metadata.CodeIpVH">
				<Annotation Term="UI.LineItem">
					<Collection>
						<Record Type="UI.DataField">
							<PropertyValue Property="Value" Path="CodeIp"/>
						</Record>
					</Collection>
				</Annotation>
				<Annotation Term="UI.SelectionFields">
					<Collection>
						<PropertyPath>CodeIp</PropertyPath>
					</Collection>
				</Annotation>
			</Annotations>
			<Annotations Target="Metadata.CodeIpVH/CodeIp">
				<Annotation Term="com.sap.vocabularies.Common.v1.ValueList">
					<Record>
						<PropertyValue Property="Label" String="CodeIpVHSet"/>
						<PropertyValue Property="CollectionPath" String="CodeIpVHSet"/>
						<PropertyValue Property="SearchSupported" Bool="false"/>
						<PropertyValue Property="Parameters">
							<Collection>
								<Record Type="com.sap.vocabularies.Common.v1.ValueListParameterOut">
									<PropertyValue Property="LocalDataProperty" PropertyPath="CodeIp"/>
									<PropertyValue Property="ValueListProperty" String="CodeIp"/>
								</Record>
								<Record Type="com.sap.vocabularies.Common.v1.ValueListParameterDisplayOnly">
									<PropertyValue Property="ValueListProperty" String="CodeIp"/>
								</Record>
							</Collection>
						</PropertyValue>
					</Record>
				</Annotation>
			</Annotations>

			<Annotations Target="Metadata.CodeIpHVH">
				<Annotation Term="UI.LineItem">
					<Collection>
						<Record Type="UI.DataField">
							<PropertyValue Property="Value" Path="CodeIpH"/>
						</Record>
					</Collection>
				</Annotation>
				<Annotation Term="UI.SelectionFields">
					<Collection>
						<PropertyPath>CodeIpH</PropertyPath>
					</Collection>
				</Annotation>
			</Annotations>
			<Annotations Target="Metadata.CodeIpHVH/CodeIpH">
				<Annotation Term="com.sap.vocabularies.Common.v1.ValueList">
					<Record>
						<PropertyValue Property="Label" String="CodeIpHVHSet"/>
						<PropertyValue Property="CollectionPath" String="CodeIpHVHSet"/>
						<PropertyValue Property="SearchSupported" Bool="false"/>
						<PropertyValue Property="Parameters">
							<Collection>
								<Record Type="com.sap.vocabularies.Common.v1.ValueListParameterOut">
									<PropertyValue Property="LocalDataProperty" PropertyPath="CodeIpH"/>
									<PropertyValue Property="ValueListProperty" String="CodeIpH"/>
								</Record>
								<Record Type="com.sap.vocabularies.Common.v1.ValueListParameterDisplayOnly">
									<PropertyValue Property="ValueListProperty" String="CodeIpH"/>
								</Record>
							</Collection>
						</PropertyValue>
					</Record>
				</Annotation>
			</Annotations>

			<Annotations Target="Metadata.ProdTypeVH">
				<Annotation Term="UI.LineItem">
					<Collection>
						<Record Type="UI.DataField">
							<PropertyValue Property="Value" Path="ProdType"/>
						</Record>
						<Record Type="UI.DataField">
							<PropertyValue Property="Value" Path="ProdTypeName"/>
						</Record>
					</Collection>
				</Annotation>
				<Annotation Term="UI.SelectionFields">
					<Collection>
						<PropertyPath>ProdType</PropertyPath>
					</Collection>
				</Annotation>
			</Annotations>
			<Annotations Target="Metadata.ProdTypeVH/ProdType">
				<Annotation Term="com.sap.vocabularies.Common.v1.ValueList">
					<Record>
						<PropertyValue Property="Label" String="ProdTypeVHSet"/>
						<PropertyValue Property="CollectionPath" String="ProdTypeVHSet"/>
						<PropertyValue Property="SearchSupported" Bool="false"/>
						<PropertyValue Property="Parameters">
							<Collection>
								<Record Type="com.sap.vocabularies.Common.v1.ValueListParameterOut">
									<PropertyValue Property="LocalDataProperty" PropertyPath="ProdTypeName"/>
									<PropertyValue Property="ValueListProperty" String="ProdType"/>
								</Record>
								<Record Type="com.sap.vocabularies.Common.v1.ValueListParameterDisplayOnly">
									<PropertyValue Property="ValueListProperty" String="ProdTypeName"/>
								</Record>
							</Collection>
						</PropertyValue>
					</Record>
				</Annotation>
			</Annotations>

			<Annotations Target="Metadata.TechValueVH">
				<Annotation Term="UI.LineItem">
					<Collection>
						<Record Type="UI.DataField">
							<PropertyValue Property="Value" Path="TechValue"/>
						</Record>
						<Record Type="UI.DataField">
							<PropertyValue Property="Value" Path="TechValueShortName"/>
						</Record>
					</Collection>
				</Annotation>
				<Annotation Term="UI.SelectionFields">
					<Collection>
						<PropertyPath>TechValue</PropertyPath>
						<PropertyPath>TechValueShortName</PropertyPath>
					</Collection>
				</Annotation>
			</Annotations>
			<Annotations Target="Metadata.TechValueVH/TechValue">
				<Annotation Term="com.sap.vocabularies.Common.v1.ValueList">
					<Record>
						<PropertyValue Property="Label" String="TechValueVHSet"/>
						<PropertyValue Property="CollectionPath" String="TechValueVHSet"/>
						<PropertyValue Property="SearchSupported" Bool="false"/>
						<PropertyValue Property="Parameters">
							<Collection>
								<Record Type="com.sap.vocabularies.Common.v1.ValueListParameterOut">
									<PropertyValue Property="LocalDataProperty" PropertyPath="TechValueName"/>
									<PropertyValue Property="ValueListProperty" String="TechValue"/>
								</Record>
								<Record Type="com.sap.vocabularies.Common.v1.ValueListParameterDisplayOnly">
									<PropertyValue Property="ValueListProperty" String="TechValueName"/>
								</Record>
							</Collection>
						</PropertyValue>
					</Record>
				</Annotation>
			</Annotations>

			<Annotations Target="Metadata.UserDataVH">
				<Annotation Term="UI.LineItem">
					<Collection>
						<Record Type="UI.DataField">
							<PropertyValue Property="Value" Path="UserId"/>
						</Record>
						<Record Type="UI.DataField">
							<PropertyValue Property="Value" Path="UserName"/>
						</Record>
					</Collection>
				</Annotation>
				<Annotation Term="UI.SelectionFields">
					<Collection>
						<PropertyPath>UserDataVH</PropertyPath>
					</Collection>
				</Annotation>
			</Annotations>
			<Annotations Target="Metadata.UserDataVH/UserId">
				<Annotation Term="com.sap.vocabularies.Common.v1.ValueList">
					<Record>
						<PropertyValue Property="Label" String="UserDataVHSet"/>
						<PropertyValue Property="CollectionPath" String="UserDataVHSet"/>
						<PropertyValue Property="SearchSupported" Bool="false"/>
						<PropertyValue Property="Parameters">
							<Collection>
								<Record Type="com.sap.vocabularies.Common.v1.ValueListParameterOut">
									<PropertyValue Property="LocalDataProperty" PropertyPath="UserName"/>
									<PropertyValue Property="ValueListProperty" String="UserId"/>
								</Record>
								<Record Type="com.sap.vocabularies.Common.v1.ValueListParameterDisplayOnly">
									<PropertyValue Property="ValueListProperty" String="UserName"/>
								</Record>
							</Collection>
						</PropertyValue>
					</Record>
				</Annotation>
			</Annotations>

			<Annotations Target="Metadata.MechUoVH">
				<Annotation Term="UI.LineItem">
					<Collection>
						<Record Type="UI.DataField">
							<PropertyValue Property="Value" Path="MechType"/>
						</Record>
						<Record Type="UI.DataField">
							<PropertyValue Property="Value" Path="MechUoCode"/>
						</Record>
						<Record Type="UI.DataField">
							<PropertyValue Property="Value" Path="MechUoName"/>
						</Record>
					</Collection>
				</Annotation>
				<Annotation Term="UI.SelectionFields">
					<Collection>
						<PropertyPath>MechType</PropertyPath>
						<PropertyPath>MechUoCode</PropertyPath>
						<PropertyPath>MechUoName</PropertyPath>
					</Collection>
				</Annotation>
			</Annotations>
			<Annotations Target="Metadata.MechUoVH/MechUoCode">
				<Annotation Term="com.sap.vocabularies.Common.v1.ValueList">
					<Record>
						<PropertyValue Property="Label" String="MechUoVHSet"/>
						<PropertyValue Property="CollectionPath" String="MechUoVHSet"/>
						<PropertyValue Property="SearchSupported" Bool="false"/>
						<PropertyValue Property="Parameters">
							<Collection>
								<Record Type="com.sap.vocabularies.Common.v1.ValueListParameterOut">
									<PropertyValue Property="LocalDataProperty" PropertyPath="MechUoName"/>
									<PropertyValue Property="ValueListProperty" String="MechUoCode"/>
								</Record>
								<Record Type="com.sap.vocabularies.Common.v1.ValueListParameterDisplayOnly">
									<PropertyValue Property="ValueListProperty" String="MechUoName"/>
								</Record>
							</Collection>
						</PropertyValue>
					</Record>
				</Annotation>
			</Annotations>

			<Annotations Target="Metadata.ChangeDocLog">
				<Annotation Term="UI.LineItem">
					<Collection>
						<Record Type="UI.DataField">
							<PropertyValue Property="Value" Path="IpViewName"/>
						</Record>
						<Record Type="UI.DataField">
							<PropertyValue Property="Value" Path="FieldText"/>
						</Record>
						<Record Type="UI.DataField">
							<PropertyValue Property="Value" Path="ValueOldFull"/>
						</Record>
						<Record Type="UI.DataField">
							<PropertyValue Property="Value" Path="ValueNewFull"/>
						</Record>
						<Record Type="UI.DataField">
							<PropertyValue Property="Value" Path="ChDateTime"/>
						</Record>
						<Record Type="UI.DataField">
							<PropertyValue Property="Value" Path="UserName"/>
						</Record>
					</Collection>
				</Annotation>
			</Annotations>

			<Annotations Target="Metadata.CodeCpVH">
				<Annotation Term="UI.LineItem">
					<Collection>
						<Record Type="UI.DataField">
							<PropertyValue Property="Value" Path="CodeCp"/>
						</Record>
					</Collection>
				</Annotation>
			</Annotations>
			<Annotations Target="Metadata.CodeCpVH/CodeCp">
				<Annotation Term="com.sap.vocabularies.Common.v1.ValueList">
					<Record>
						<PropertyValue Property="Label" String="CodeCpVHSet"/>
						<PropertyValue Property="CollectionPath" String="CodeCpVHSet"/>
						<PropertyValue Property="SearchSupported" Bool="true"/>
						<PropertyValue Property="Parameters">
							<Collection>
								<Record Type="com.sap.vocabularies.Common.v1.ValueListParameterOut">
									<PropertyValue Property="LocalDataProperty" PropertyPath="CodeCp"/>
									<PropertyValue Property="ValueListProperty" String="CodeCp"/>
								</Record>
								<Record Type="com.sap.vocabularies.Common.v1.ValueListParameterDisplayOnly">
									<PropertyValue Property="ValueListProperty" String="CodeCp"/>
								</Record>
							</Collection>
						</PropertyValue>
					</Record>
				</Annotation>
			</Annotations>

			<Annotations Target="Metadata.CodeCpHVH">
				<Annotation Term="UI.LineItem">
					<Collection>
						<Record Type="UI.DataField">
							<PropertyValue Property="Value" Path="CodeCpH"/>
						</Record>
					</Collection>
				</Annotation>
			</Annotations>
			<Annotations Target="Metadata.CodeCpHVH/CodeCpH">
				<Annotation Term="com.sap.vocabularies.Common.v1.ValueList">
					<Record>
						<PropertyValue Property="Label" String="CodeCpHVHSet"/>
						<PropertyValue Property="CollectionPath" String="CodeCpHVHSet"/>
						<PropertyValue Property="SearchSupported" Bool="true"/>
						<PropertyValue Property="Parameters">
							<Collection>
								<Record Type="com.sap.vocabularies.Common.v1.ValueListParameterOut">
									<PropertyValue Property="LocalDataProperty" PropertyPath="CodeCpH"/>
									<PropertyValue Property="ValueListProperty" String="CodeCpH"/>
								</Record>
								<Record Type="com.sap.vocabularies.Common.v1.ValueListParameterDisplayOnly">
									<PropertyValue Property="ValueListProperty" String="CodeCpH"/>
								</Record>
							</Collection>
						</PropertyValue>
					</Record>
				</Annotation>
			</Annotations>

			<Annotations Target="Metadata.StandardIpcVH">
				<Annotation Term="UI.LineItem">
					<Collection>
						<Record Type="UI.DataField">
							<PropertyValue Property="Value" Path="Assimilate"/>
						</Record>
						<Record Type="UI.DataField">
							<PropertyValue Property="Value" Path="SumGroupYear"/>
						</Record>
						<Record Type="UI.DataField">
							<PropertyValue Property="Value" Path="StdName"/>
						</Record>
						<Record Type="UI.DataField">
							<PropertyValue Property="Value" Path="StdCode"/>
						</Record>
					</Collection>
				</Annotation>
				<Annotation Term="UI.SelectionFields">
					<Collection>
						<PropertyPath>Assimilate</PropertyPath>
						<PropertyPath>SumGroupYear</PropertyPath>
						<PropertyPath>StdName</PropertyPath>
						<PropertyPath>StdCode</PropertyPath>
					</Collection>
				</Annotation>
			</Annotations>
			<Annotations Target="Metadata.StandardIpcVH/StdCode">
				<Annotation Term="com.sap.vocabularies.Common.v1.ValueList">
					<Record>
						<PropertyValue Property="Label" String="StandardIpcVHSet"/>
						<PropertyValue Property="CollectionPath" String="StandardIpcVHSet"/>
						<PropertyValue Property="SearchSupported" Bool="true"/>
						<PropertyValue Property="Parameters">
							<Collection>
								<Record Type="com.sap.vocabularies.Common.v1.ValueListParameterOut">
									<PropertyValue Property="LocalDataProperty" PropertyPath="StdName"/>
									<PropertyValue Property="ValueListProperty" String="StdCode"/>
								</Record>
								<Record Type="com.sap.vocabularies.Common.v1.ValueListParameterDisplayOnly">
									<PropertyValue Property="ValueListProperty" String="StdName"/>
								</Record>
							</Collection>
						</PropertyValue>
					</Record>
				</Annotation>
			</Annotations>

			<Annotations Target="Metadata.StandardOpcVH">
				<Annotation Term="UI.LineItem">
					<Collection>
						<Record Type="UI.DataField">
							<PropertyValue Property="Value" Path="Assimilate"/>
						</Record>
						<Record Type="UI.DataField">
							<PropertyValue Property="Value" Path="SumGroupYear"/>
						</Record>
						<Record Type="UI.DataField">
							<PropertyValue Property="Value" Path="StdName"/>
						</Record>
						<Record Type="UI.DataField">
							<PropertyValue Property="Value" Path="StdCode"/>
						</Record>
					</Collection>
				</Annotation>
				<Annotation Term="UI.SelectionFields">
					<Collection>
						<PropertyPath>Assimilate</PropertyPath>
						<PropertyPath>SumGroupYear</PropertyPath>
						<PropertyPath>StdName</PropertyPath>
						<PropertyPath>StdCode</PropertyPath>
					</Collection>
				</Annotation>
			</Annotations>
			<Annotations Target="Metadata.StandardOpcVH/StdCode">
				<Annotation Term="com.sap.vocabularies.Common.v1.ValueList">
					<Record>
						<PropertyValue Property="Label" String="StandardOpcVHSet"/>
						<PropertyValue Property="CollectionPath" String="StandardOpcVHSet"/>
						<PropertyValue Property="SearchSupported" Bool="true"/>
						<PropertyValue Property="Parameters">
							<Collection>
								<Record Type="com.sap.vocabularies.Common.v1.ValueListParameterOut">
									<PropertyValue Property="LocalDataProperty" PropertyPath="StdName"/>
									<PropertyValue Property="ValueListProperty" String="StdCode"/>
								</Record>
								<Record Type="com.sap.vocabularies.Common.v1.ValueListParameterDisplayOnly">
									<PropertyValue Property="ValueListProperty" String="StdName"/>
								</Record>
							</Collection>
						</PropertyValue>
					</Record>
				</Annotation>
			</Annotations>

			<Annotations Target="Metadata.NonStdTypeVH">
				<Annotation Term="UI.LineItem">
					<Collection>
						<Record Type="UI.DataField">
							<PropertyValue Property="Value" Path="NonStdId"/>
						</Record>
						<Record Type="UI.DataField">
							<PropertyValue Property="Value" Path="NonStdName"/>
						</Record>
					</Collection>
				</Annotation>
			</Annotations>
			<Annotations Target="Metadata.NonStdTypeVH/NonStdId">
				<Annotation Term="com.sap.vocabularies.Common.v1.ValueList">
					<Record>
						<PropertyValue Property="Label" String="NonStdTypeVHSet"/>
						<PropertyValue Property="CollectionPath" String="NonStdTypeVHSet"/>
						<PropertyValue Property="SearchSupported" Bool="true"/>
						<PropertyValue Property="Parameters">
							<Collection>
								<Record Type="com.sap.vocabularies.Common.v1.ValueListParameterOut">
									<PropertyValue Property="LocalDataProperty" PropertyPath="NonStdName"/>
									<PropertyValue Property="ValueListProperty" String="NonStdId"/>
								</Record>
								<Record Type="com.sap.vocabularies.Common.v1.ValueListParameterDisplayOnly">
									<PropertyValue Property="ValueListProperty" String="NonStdName"/>
								</Record>
							</Collection>
						</PropertyValue>
					</Record>
				</Annotation>
			</Annotations>

			<Annotations Target="Metadata.MechTestVH">
				<Annotation Term="UI.LineItem">
					<Collection>
						<Record Type="UI.DataField">
							<PropertyValue Property="Value" Path="MechTypeName"/>
						</Record>
						<Record Type="UI.DataField">
							<PropertyValue Property="Value" Path="MechTypeShortName"/>
						</Record>
						<Record Type="UI.DataField">
							<PropertyValue Property="Value" Path="TestDirectName"/>
						</Record>
						<Record Type="UI.DataField">
							<PropertyValue Property="Value" Path="TestTemperatureName"/>
						</Record>
						<Record Type="UI.DataField">
							<PropertyValue Property="Value" Path="SampleTypeName"/>
						</Record>
						<Record Type="UI.DataField">
							<PropertyValue Property="Value" Path="MechTestName"/>
						</Record>
						<Record Type="UI.DataField">
							<PropertyValue Property="Value" Path="TestMethodName"/>
						</Record>
						<Record Type="UI.DataField">
							<PropertyValue Property="Value" Path="SumGroupYear"/>
						</Record>
					</Collection>
				</Annotation>
				<Annotation Term="UI.SelectionFields">
					<Collection>
						<PropertyPath>MechTypeName</PropertyPath>
						<PropertyPath>MechTypeShortName</PropertyPath>
						<PropertyPath>TestDirectName</PropertyPath>
						<PropertyPath>TestTemperatureName</PropertyPath>
						<PropertyPath>SampleTypeName</PropertyPath>
						<PropertyPath>MechTestName</PropertyPath>
						<PropertyPath>TestMethodName</PropertyPath>
						<PropertyPath>SumGroupYear</PropertyPath>
					</Collection>
				</Annotation>
			</Annotations>
			<Annotations Target="Metadata.MechTestVH/MechTest">
				<Annotation Term="com.sap.vocabularies.Common.v1.ValueList">
					<Record>
						<PropertyValue Property="Label" String="MechTestVHSet"/>
						<PropertyValue Property="CollectionPath" String="MechTestVHSet"/>
						<PropertyValue Property="SearchSupported" Bool="true"/>
						<PropertyValue Property="Parameters">
							<Collection>
								<Record Type="com.sap.vocabularies.Common.v1.ValueListParameterOut">
									<PropertyValue Property="LocalDataProperty" PropertyPath="MechTest"/>
									<PropertyValue Property="ValueListProperty" String="MechTest"/>
								</Record>
								<Record Type="com.sap.vocabularies.Common.v1.ValueListParameterDisplayOnly">
									<PropertyValue Property="ValueListProperty" String="MechTest"/>
								</Record>
							</Collection>
						</PropertyValue>
					</Record>
				</Annotation>
			</Annotations>

			<Annotations Target="Metadata.StandardGroupVH">
				<Annotation Term="UI.LineItem">
					<Collection>
						<Record Type="UI.DataField">
							<PropertyValue Property="Value" Path="GsName"/>
						</Record>
						<Record Type="UI.DataField">
							<PropertyValue Property="Value" Path="GsInterprFullname"/>
						</Record>
						<Record Type="UI.DataField">
							<PropertyValue Property="Value" Path="GsGroupFullname"/>
						</Record>
						<Record Type="UI.DataField">
							<PropertyValue Property="Value" Path="GsCode"/>
						</Record>
					</Collection>
				</Annotation>
				<Annotation Term="UI.SelectionFields">
					<Collection>
						<PropertyPath>GsGroupFullname</PropertyPath>
						<PropertyPath>GsInterprFullname</PropertyPath>
						<PropertyPath>GsName</PropertyPath>
					</Collection>
				</Annotation>
			</Annotations>

			<Annotations Target="Metadata.StandardGroupVH/GsCode">
				<Annotation Term="com.sap.vocabularies.Common.v1.ValueList">
					<Record>
						<PropertyValue Property="Label" String="StandardGroupVHSet"/>
						<PropertyValue Property="CollectionPath" String="StandardGroupVHSet"/>
						<PropertyValue Property="SearchSupported" Bool="true"/>
						<PropertyValue Property="Parameters">
							<Collection>
								<Record Type="com.sap.vocabularies.Common.v1.ValueListParameterOut">
									<PropertyValue Property="LocalDataProperty" PropertyPath="GsName"/>
									<PropertyValue Property="ValueListProperty" String="GsCode"/>
								</Record>
								<Record Type="com.sap.vocabularies.Common.v1.ValueListParameterDisplayOnly">
									<PropertyValue Property="ValueListProperty" String="GsName"/>
								</Record>
							</Collection>
						</PropertyValue>
					</Record>
				</Annotation>
			</Annotations>

			<Annotations Target="Metadata.OtherCharactVH">
				<Annotation Term="UI.LineItem">
					<Collection>
						<Record Type="UI.DataField">
							<PropertyValue Property="Value" Path="CharactId"/>
						</Record>
						<Record Type="UI.DataField">
							<PropertyValue Property="Value" Path="CharactText"/>
						</Record>
						<Record Type="UI.DataField">
							<PropertyValue Property="Value" Path="TechCharactName"/>
						</Record>
						<Record Type="UI.DataField">
							<PropertyValue Property="Value" Path="UnitName"/>
						</Record>
						<Record Type="UI.DataField">
							<PropertyValue Property="Value" Path="StdName"/>
						</Record>
						<Record Type="UI.DataField">
							<PropertyValue Property="Value" Path="Assimilate"/>
						</Record>

					</Collection>
				</Annotation>
			</Annotations>
			<Annotations Target="Metadata.OtherCharactVH/CharactId">
				<Annotation Term="com.sap.vocabularies.Common.v1.ValueList">
					<Record>
						<PropertyValue Property="Label" String="OtherCharactVHSet"/>
						<PropertyValue Property="CollectionPath" String="OtherCharactVHSet"/>
						<PropertyValue Property="SearchSupported" Bool="true"/>
						<PropertyValue Property="Parameters">
							<Collection>
								<Record Type="com.sap.vocabularies.Common.v1.ValueListParameterOut">
									<PropertyValue Property="LocalDataProperty" PropertyPath="CharactText"/>
									<PropertyValue Property="ValueListProperty" String="CharactId"/>
								</Record>
								<Record Type="com.sap.vocabularies.Common.v1.ValueListParameterDisplayOnly">
									<PropertyValue Property="ValueListProperty" String="CharactText"/>
								</Record>
							</Collection>
						</PropertyValue>
					</Record>
				</Annotation>
			</Annotations>

			<Annotations Target="Metadata.ChemicalElemVH">
				<Annotation Term="UI.LineItem">
					<Collection>
						<Record Type="UI.DataField">
							<PropertyValue Property="Value" Path="CodeElem"/>
						</Record>
						<Record Type="UI.DataField">
							<PropertyValue Property="Value" Path="Elem"/>
						</Record>

					</Collection>
				</Annotation>
			</Annotations>
			<Annotations Target="Metadata.ChemicalElemVH/CodeElem">
				<Annotation Term="com.sap.vocabularies.Common.v1.ValueList">
					<Record>
						<PropertyValue Property="Label" String="ChemicalElemVHSet"/>
						<PropertyValue Property="CollectionPath" String="ChemicalElemVHSet"/>
						<PropertyValue Property="SearchSupported" Bool="true"/>
						<PropertyValue Property="Parameters">
							<Collection>
								<Record Type="com.sap.vocabularies.Common.v1.ValueListParameterOut">
									<PropertyValue Property="LocalDataProperty" PropertyPath="Elem"/>
									<PropertyValue Property="ValueListProperty" String="CodeElem"/>
								</Record>
								<Record Type="com.sap.vocabularies.Common.v1.ValueListParameterDisplayOnly">
									<PropertyValue Property="ValueListProperty" String="Elem"/>
								</Record>
							</Collection>
						</PropertyValue>
					</Record>
				</Annotation>
			</Annotations>


		</Schema>
	</edmx:DataServices>
</edmx:Edmx>
