{
  "resources": [
	{
	  "name": "css/style.css"
	},
	{
	  "name": "Component.js"
	},
	{
	  "name": "view/NotFound.view.xml"
	},
	{
	  "name": "view/App.view.xml"
	},
	{
	  "name": "custom/class/ERouter.js"
	},
	{
	  "name": "custom/class/Common.js"
	},
	{
	  "name": "controller/ErrorHandler.js"
	},
	{
	  "name": "controller/NotFound.controller.js"
	},
	{
	  "name": "controller/App.controller.js"
	},
	{
	  "name": "controller/BaseController.js"
	},
	{
	  "name": "i18n/i18n_ru.properties",
	  "raw": "i18n/i18n.properties"
	},
	{
	  "name": "i18n/i18n.properties",
	  "raw": "i18n/i18n.properties"
	},
	{
	  "name": "i18n/i18n_en.properties",
	  "raw": "i18n/i18n.properties"
	},
	{
	  "name": "index.html"
	},
	{
	  "name": "manifest.json"
	},
	{
	  "name": "Component-preload.js",
	  "merged": true
	},
	{
	  "name": "neo-app.json"
	}
  ]
}
