{
  "welcomeFile": "/webapp/index.html",
  "routes": [
	{
	  "path": "/resources",
	  "target": {
		"type": "service",
		"name": "sapui5",
		"entryPath": "/resources"
	  },
	  "description": "SAPUI5 Resources"
	},
	{
	  "path": "/test-resources",
	  "target": {
		"type": "service",
		"name": "sapui5",
		"entryPath": "/test-resources"
	  },
	  "description": "SAPUI5 Test Resources"
	},
	{
	  "path": "/sap/",
	  "target": {
		"type": "destination",
		"name": "FSD",
		"entryPath": "/sap/"
	  }
	},
	{
	  "path": "/resources",
	  "target": {
		"type": "service",
		"name": "sapui5",
		"entryPath": "/resources",
		"preferLocal": true
	  },
	  "description": "SAPUI5 Dist layer resources"
	},
	{
	  "path": "/test-resources",
	  "target": {
		"type": "service",
		"name": "sapui5",
		"entryPath": "/test-resources",
		"preferLocal": true
	  },
	  "description": "SAPUI5 Dist layer test resources"
	}
  ],
  "sendWelcomeFileRedirect": true
}
